3;127.0.0.1:15000;testlogfile;0 error 0
3;127.0.0.1:15000;testlogfile;1 error 1
3;127.0.0.1:15000;testlogfile;2 error 2
3;127.0.0.1:15000;testlogfile;3 error 3
3;127.0.0.1:15000;testlogfile;4 error 4
3;127.0.0.1:15000;testlogfile;5 error 5
3;127.0.0.1:15000;testlogfile;6 error 6
3;127.0.0.1:15000;testlogfile;7 error 7
3;127.0.0.1:15000;testlogfile;8 error 8
3;127.0.0.1:15000;testlogfile;9 error 9
3;127.0.0.1:15000;testlogfile;10 error 10
3;127.0.0.1:15000;testlogfile;11 error 11
3;127.0.0.1:15000;testlogfile;12 error 12
3;127.0.0.1:15000;testlogfile;13 error 13
3;127.0.0.1:15000;testlogfile;14 error 14
3;127.0.0.1:15000;testlogfile;15 error 15
3;127.0.0.1:15000;testlogfile;16 error 16
3;127.0.0.1:15000;testlogfile;17 error 17
3;127.0.0.1:15000;testlogfile;18 error 18
3;127.0.0.1:15000;testlogfile;19 error 19
3;127.0.0.1:15000;testlogfile;20 error 20
3;127.0.0.1:15000;testlogfile;21 error 21
3;127.0.0.1:15000;testlogfile;22 error 22
3;127.0.0.1:15000;testlogfile;23 error 23
3;127.0.0.1:15000;testlogfile;24 error 24
3;127.0.0.1:15000;testlogfile;25 error 25
3;127.0.0.1:15000;testlogfile;26 error 26
3;127.0.0.1:15000;testlogfile;27 error 27
3;127.0.0.1:15000;testlogfile;28 error 28
3;127.0.0.1:15000;testlogfile;29 error 29
3;127.0.0.1:15000;testlogfile;30 error 30
3;127.0.0.1:15000;testlogfile;31 error 31
3;127.0.0.1:15000;testlogfile;32 error 32
3;127.0.0.1:15000;testlogfile;33 error 33
3;127.0.0.1:15000;testlogfile;34 error 34
3;127.0.0.1:15000;testlogfile;35 error 35
3;127.0.0.1:15000;testlogfile;36 error 36
3;127.0.0.1:15000;testlogfile;37 error 37
3;127.0.0.1:15000;testlogfile;38 error 38
3;127.0.0.1:15000;testlogfile;39 error 39
3;127.0.0.1:15000;testlogfile;40 error 40
3;127.0.0.1:15000;testlogfile;41 error 41
3;127.0.0.1:15000;testlogfile;42 error 42
3;127.0.0.1:15000;testlogfile;43 error 43
3;127.0.0.1:15000;testlogfile;44 error 44
3;127.0.0.1:15000;testlogfile;45 error 45
3;127.0.0.1:15000;testlogfile;46 error 46
3;127.0.0.1:15000;testlogfile;47 error 47
3;127.0.0.1:15000;testlogfile;48 error 48
3;127.0.0.1:15000;testlogfile;49 error 49
3;127.0.0.1:15000;testlogfile;50 error 50
3;127.0.0.1:15000;testlogfile;51 error 51
3;127.0.0.1:15000;testlogfile;52 error 52
3;127.0.0.1:15000;testlogfile;53 error 53
3;127.0.0.1:15000;testlogfile;54 error 54
3;127.0.0.1:15000;testlogfile;55 error 55
3;127.0.0.1:15000;testlogfile;56 error 56
3;127.0.0.1:15000;testlogfile;57 error 57
3;127.0.0.1:15000;testlogfile;58 error 58
3;127.0.0.1:15000;testlogfile;59 error 59
3;127.0.0.1:15000;testlogfile;60 error 60
3;127.0.0.1:15000;testlogfile;61 error 61
3;127.0.0.1:15000;testlogfile;62 error 62
3;127.0.0.1:15000;testlogfile;63 error 63
3;127.0.0.1:15000;testlogfile;64 error 64
3;127.0.0.1:15000;testlogfile;65 error 65
3;127.0.0.1:15000;testlogfile;66 error 66
3;127.0.0.1:15000;testlogfile;67 error 67
3;127.0.0.1:15000;testlogfile;68 error 68
3;127.0.0.1:15000;testlogfile;69 error 69
3;127.0.0.1:15000;testlogfile;70 error 70
3;127.0.0.1:15000;testlogfile;71 error 71
3;127.0.0.1:15000;testlogfile;72 error 72
3;127.0.0.1:15000;testlogfile;73 error 73
3;127.0.0.1:15000;testlogfile;74 error 74
3;127.0.0.1:15000;testlogfile;75 error 75
3;127.0.0.1:15000;testlogfile;76 error 76
3;127.0.0.1:15000;testlogfile;77 error 77
3;127.0.0.1:15000;testlogfile;78 error 78
3;127.0.0.1:15000;testlogfile;79 error 79
3;127.0.0.1:15000;testlogfile;80 error 80
3;127.0.0.1:15000;testlogfile;81 error 81
3;127.0.0.1:15000;testlogfile;82 error 82
3;127.0.0.1:15000;testlogfile;83 error 83
3;127.0.0.1:15000;testlogfile;84 error 84
3;127.0.0.1:15000;testlogfile;85 error 85
3;127.0.0.1:15000;testlogfile;86 error 86
3;127.0.0.1:15000;testlogfile;87 error 87
3;127.0.0.1:15000;testlogfile;88 error 88
3;127.0.0.1:15000;testlogfile;89 error 89
3;127.0.0.1:15000;testlogfile;90 error 90
3;127.0.0.1:15000;testlogfile;91 error 91
3;127.0.0.1:15000;testlogfile;92 error 92
3;127.0.0.1:15000;testlogfile;93 error 93
3;127.0.0.1:15000;testlogfile;94 error 94
3;127.0.0.1:15000;testlogfile;95 error 95
3;127.0.0.1:15000;testlogfile;96 error 96
3;127.0.0.1:15000;testlogfile;97 error 97
3;127.0.0.1:15000;testlogfile;98 error 98
3;127.0.0.1:15000;testlogfile;99 error 99
